quantile,q_correct,q_incorrect,quantile,source
10_q,0.6439085336140197,0.6477631566051543,10_q,simulated
30_q,0.8790669674432794,0.9021617843855548,30_q,simulated
50_q,1.1548101596945193,1.158454957977817,50_q,simulated
70_q,1.5626109708901512,1.5828496077733232,70_q,simulated
90_q,2.4212541155682095,2.492994561497599,90_q,simulated
